Pool	Mean Age	Sex	Min Age	Max Age	n
Pool 1	4.070273972602741	Male	3.98630136986301	4.38082191780822	20
Pool 2	4.092602739726027	Female	3.98630136986301	4.35890410958904	20
Pool 3	28.0700888	Female	25.86995	29.80151	25
Pool 4	28.2261472	Female	26.05339	30.00685	25
Pool 5	63.403999938976	Female	62.7999992371	63.7999992371	25
Pool 6	63.264000091544	Female	62.7000007629	63.7000007629	25
Pool 7	77.956000061036	Female	75.5	80.5	25
Pool 8	77.223999938964	Female	74.4000015259	80.0999984741	25
